"DESCRIPTION","DURATION IN MS","NAME","PARENT SUITE","START TIME","STATUS","STOP TIME","SUB SUITE","SUITE","TEST CLASS","TEST METHOD"
"","69","Cenário: CREDT-722 (API) Tentar filtrar logs de ação com Token inválido","Features","Tue Apr 15 18:20:38 UTC 2025","passed","Tue Apr 15 18:20:38 UTC 2025","CREDT 684 FiltrarLogs","logsDeAcoes","",""
"","904","Cenário: CREDT-898 (API) Tentar criar consulta com o campo Descrição contendo mais de 50 caracteres","Features","Tue Apr 15 18:16:02 UTC 2025","passed","Tue Apr 15 18:16:03 UTC 2025","CREDT 877 CriarConsultaDesenvolvimento","Consulta","",""
"","345","Cenário: CREDT-179 (API) Tentar adicionar consulta com token sem autorização","Features","Tue Apr 15 18:14:39 UTC 2025","passed","Tue Apr 15 18:14:40 UTC 2025","CREDT 175 AdicionarConsulta","Consulta","",""
"","889","Cenário: CREDT-909 (API) Tentar criar consulta com token válido porém usuário da conta 1 e @neurotech","Features","Tue Apr 15 18:16:11 UTC 2025","passed","Tue Apr 15 18:16:11 UTC 2025","CREDT 877 CriarConsultaDesenvolvimento","Consulta","",""
"","712","Cenário: CREDT-996 (API) Compartilhar credencial ativa em consulta definitiva com sucesso","Features","Tue Apr 15 18:19:49 UTC 2025","passed","Tue Apr 15 18:19:49 UTC 2025","CREDT 950 CompartilharCredencial","Credenciais","",""
"","2698","Cenário: CREDT-421 (API) Tentar cadastrar credencial com uma descrição contendo mais de 50 caracteres alfanuméricos","Features","Tue Apr 15 18:17:10 UTC 2025","passed","Tue Apr 15 18:17:13 UTC 2025","CREDT 198 CadastrarCredencial","Credenciais","",""
"","3503","Cenário: CREDT-482 (API) Tentar cadastrar credencial com o campo nome contendo hífen","Features","Tue Apr 15 18:17:16 UTC 2025","passed","Tue Apr 15 18:17:20 UTC 2025","CREDT 198 CadastrarCredencial","Credenciais","",""
"","4440","Cenário: CREDT-1072 (API) Tentar excluir consulta rascunho na conta do desenvolvedor após criar credencial na conta do cliente","Features","Tue Apr 15 18:15:40 UTC 2025","passed","Tue Apr 15 18:15:45 UTC 2025","CREDT 753 ExcluirConsulta","Consulta","",""
"","3673","Cenário: CREDT-1068 (API) Tentar excluir consulta rascunho com credenciais cadastradas na conta do desenvolvedor","Features","Tue Apr 15 18:15:25 UTC 2025","passed","Tue Apr 15 18:15:28 UTC 2025","CREDT 753 ExcluirConsulta","Consulta","",""
"","2792","Cenário: CREDT-763 (API) Excluir com sucesso credencial inativa criada há menos de 24 horas e que nunca foi ativada","Features","Tue Apr 15 18:19:31 UTC 2025","passed","Tue Apr 15 18:19:34 UTC 2025","CREDT 752 ExcluirCredencial","Credenciais","",""
"","636","Cenário: CREDT-692 (API) Tentar listar logs de ação sem passar nenhum parâmetro","Features","Tue Apr 15 18:20:25 UTC 2025","passed","Tue Apr 15 18:20:26 UTC 2025","CREDT 683 ListarLogs","logsDeAcoes","",""
"","5044","Cenário: CREDT-999 (API) Tentar compartilhar credencial com status inativo em consulta rascunho","Features","Tue Apr 15 18:19:55 UTC 2025","passed","Tue Apr 15 18:20:00 UTC 2025","CREDT 950 CompartilharCredencial","Credenciais","",""
"","2740","Cenário: CREDT-256 (API) Tentar cadastrar credencial sem inputs no body da requisição","Features","Tue Apr 15 18:16:54 UTC 2025","passed","Tue Apr 15 18:16:57 UTC 2025","CREDT 198 CadastrarCredencial","Credenciais","",""
"","994","Cenário: CREDT-368 (API) Inativar credencial com status inativo","Features","Tue Apr 15 18:19:13 UTC 2025","passed","Tue Apr 15 18:19:14 UTC 2025","CREDT 365 AtivarInativarCredencial","Credenciais","",""
"","276","Cenário: CREDT-1004 (API) Tentar compartilhar credencial com credentialId inexistente","Features","Tue Apr 15 18:20:02 UTC 2025","passed","Tue Apr 15 18:20:02 UTC 2025","CREDT 950 CompartilharCredencial","Credenciais","",""
"","439","Cenário: CREDT-1096 (API) Tentar filtrar consulta com token sem autorização","Features","Tue Apr 15 18:14:36 UTC 2025","passed","Tue Apr 15 18:14:37 UTC 2025","CREDT 1075 FiltrarConsulta","Consulta","",""
"","1572","Cenário: CREDT-278 (API) Listar credenciais com sucesso ordenando por Status em ordem crescente","Features","Tue Apr 15 18:18:50 UTC 2025","passed","Tue Apr 15 18:18:51 UTC 2025","CREDT 292 ListarCredenciais","Credenciais","",""
"","2073","Cenário: CREDT-268 (API) Tentar detalhar credencial passando 'credtId' inválido","Features","Tue Apr 15 18:18:42 UTC 2025","passed","Tue Apr 15 18:18:44 UTC 2025","CREDT 272 DetalharCredencial","Credenciais","",""
"","930","Cenário: CREDT-879 (API) Cadastrar nova consulta com todos os campos obrigatórios","Features","Tue Apr 15 18:15:45 UTC 2025","passed","Tue Apr 15 18:15:46 UTC 2025","CREDT 877 CriarConsultaDesenvolvimento","Consulta","",""
"","880","Cenário: CREDT-884 (API) Cadastrar nova consulta com Entradas da consulta contendo caracteres especiais e acentuação","Features","Tue Apr 15 18:15:50 UTC 2025","passed","Tue Apr 15 18:15:51 UTC 2025","CREDT 877 CriarConsultaDesenvolvimento","Consulta","",""
"","1925","Cenário: CREDT-370 (API) Tentar ativar/inativar credencial com token inválido","Features","Tue Apr 15 18:19:17 UTC 2025","passed","Tue Apr 15 18:19:19 UTC 2025","CREDT 365 AtivarInativarCredencial","Credenciais","",""
"","54","Cenário: CREDT-808 (API) Listar informações sobre a aplicação","Features","Tue Apr 15 18:20:50 UTC 2025","passed","Tue Apr 15 18:20:50 UTC 2025","CREDT 805 MonitoramentoPrometheus","Prometheus","",""
"","3181","Cenário: CREDT-937 (API) Validar que as consultas no portfólio da Neurotech estão em ordem alfabética case insensitive","Features","Tue Apr 15 18:14:53 UTC 2025","passed","Tue Apr 15 18:14:56 UTC 2025","CREDT 175 AdicionarConsulta","Consulta","",""
"","374","Cenário: CREDT-992 (API) Tentar compartilhar credencial com token sem autorização","Features","Tue Apr 15 18:19:43 UTC 2025","passed","Tue Apr 15 18:19:43 UTC 2025","CREDT 878 ListarCompartilhamento","Credenciais","",""
"","535","Cenário: CREDT-301 (API) Filtrar credenciais com sucesso por Descrição","Features","Tue Apr 15 18:18:07 UTC 2025","passed","Tue Apr 15 18:18:08 UTC 2025","CREDT 243 FiltrarCredenciais","Credenciais","",""
"","2634","Cenário: CREDT-265 (API) Tentar detalhar credencial com token expirado","Features","Tue Apr 15 18:18:35 UTC 2025","passed","Tue Apr 15 18:18:38 UTC 2025","CREDT 272 DetalharCredencial","Credenciais","",""
"","510","Cenário: CREDT-331 (API) Tentar editar credencial com token inválido","Features","Tue Apr 15 18:18:20 UTC 2025","passed","Tue Apr 15 18:18:20 UTC 2025","CREDT 244 EditarCredencial","Credenciais","",""
"","1553","Cenário: CREDT-288 (API) Listar credenciais com direção e campo de ordenação vazios","Features","Tue Apr 15 18:19:03 UTC 2025","passed","Tue Apr 15 18:19:05 UTC 2025","CREDT 292 ListarCredenciais","Credenciais","",""
"","1362","Cenário: CREDT-206 (API) Tentar listar consultas passando um valor do page maior que o número de páginas com registros da lista","Features","Tue Apr 15 18:15:03 UTC 2025","passed","Tue Apr 15 18:15:04 UTC 2025","CREDT 196 ListarConsulta","Consulta","",""
"","2714","Cenário: CREDT-260 (API) Tentar cadastrar credencial com inputs com valor vazio no body da requisição","Features","Tue Apr 15 18:17:05 UTC 2025","passed","Tue Apr 15 18:17:08 UTC 2025","CREDT 198 CadastrarCredencial","Credenciais","",""
"","531","Cenário: CREDT-300 (API) Tentar filtrar credenciais passando um Status inválido","Features","Tue Apr 15 18:18:07 UTC 2025","passed","Tue Apr 15 18:18:07 UTC 2025","CREDT 243 FiltrarCredenciais","Credenciais","",""
"","912","Cenário: CREDT-881 (API) Cadastrar nova consulta com Descrição contendo espaços em branco","Features","Tue Apr 15 18:15:47 UTC 2025","passed","Tue Apr 15 18:15:48 UTC 2025","CREDT 877 CriarConsultaDesenvolvimento","Consulta","",""
"","819","Cenário: CREDT-355 (API) Tentar editar credencial passando uma entrada com o valor preenchido só com espaços em branco","Features","Tue Apr 15 18:18:28 UTC 2025","passed","Tue Apr 15 18:18:29 UTC 2025","CREDT 244 EditarCredencial","Credenciais","",""
"","704","Cenário: CREDT-1020 (API) Tentar compartilhar credencial com stopShared vazio","Features","Tue Apr 15 18:20:16 UTC 2025","passed","Tue Apr 15 18:20:16 UTC 2025","CREDT 950 CompartilharCredencial","Credenciais","",""
"","2085","Cenário: CREDT-930 (API) Adicionar uma consulta rascunho com sucesso","Features","Tue Apr 15 18:14:42 UTC 2025","failed","Tue Apr 15 18:14:44 UTC 2025","CREDT 175 AdicionarConsulta","Consulta","",""
"","596","Cenário: CREDT-533 (API) Filtrar credenciais com sucesso por Nome","Features","Tue Apr 15 18:18:11 UTC 2025","passed","Tue Apr 15 18:18:12 UTC 2025","CREDT 243 FiltrarCredenciais","Credenciais","",""
"","270","Cenário: CREDT-1024 (API) Tentar compartilhar credencial com token sem autorização","Features","Tue Apr 15 18:20:17 UTC 2025","passed","Tue Apr 15 18:20:17 UTC 2025","CREDT 950 CompartilharCredencial","Credenciais","",""
"","61","Cenário: CREDT-758 (API) Tentar excluir consulta com Token inválido","Features","Tue Apr 15 18:15:19 UTC 2025","passed","Tue Apr 15 18:15:19 UTC 2025","CREDT 753 ExcluirConsulta","Consulta","",""
"","1903","Cenário: CREDT-731 (API) Filtrar logs de ação com sucesso por Ação de Exclusão","Features","Tue Apr 15 18:20:43 UTC 2025","passed","Tue Apr 15 18:20:45 UTC 2025","CREDT 684 FiltrarLogs","logsDeAcoes","",""
"","906","Cenário: CREDT-180 (API) Tentar adicionar uma consulta já adicionada anteriormente","Features","Tue Apr 15 18:14:40 UTC 2025","passed","Tue Apr 15 18:14:41 UTC 2025","CREDT 175 AdicionarConsulta","Consulta","",""
"","1557","Cenário: CREDT-274 (API) Listar credenciais com sucesso ordenando por Descrição em ordem crescente","Features","Tue Apr 15 18:18:47 UTC 2025","passed","Tue Apr 15 18:18:48 UTC 2025","CREDT 292 ListarCredenciais","Credenciais","",""
"","724","Cenário: CREDT-346 (API) Tentar editar credencial passando uma Descrição vazia","Features","Tue Apr 15 18:18:23 UTC 2025","passed","Tue Apr 15 18:18:24 UTC 2025","CREDT 244 EditarCredencial","Credenciais","",""
"","918","Cenário: CREDT-894 (API) Tentar criar consulta com o campo Nome da consulta com espaços em branco","Features","Tue Apr 15 18:15:59 UTC 2025","passed","Tue Apr 15 18:16:00 UTC 2025","CREDT 877 CriarConsultaDesenvolvimento","Consulta","",""
"","270","Cenário: CREDT-199 (API) Listar consultas com parâmetro page inválido","Features","Tue Apr 15 18:14:59 UTC 2025","passed","Tue Apr 15 18:14:59 UTC 2025","CREDT 196 ListarConsulta","Consulta","",""
"","770","Cenário: CREDT-713 (API) Filtrar logs de ação com sucesso por um intervalo de datas","Features","Tue Apr 15 18:20:34 UTC 2025","passed","Tue Apr 15 18:20:35 UTC 2025","CREDT 684 FiltrarLogs","logsDeAcoes","",""
"","65","Cenário: CREDT-759 (API) Tentar excluir consulta com Token expirado","Features","Tue Apr 15 18:15:19 UTC 2025","passed","Tue Apr 15 18:15:19 UTC 2025","CREDT 753 ExcluirConsulta","Consulta","",""
"","387","Cenário: CREDT-1092 (API) Tentar filtrar consulta sem passar o campo obrigatório Nome","Features","Tue Apr 15 18:14:35 UTC 2025","passed","Tue Apr 15 18:14:36 UTC 2025","CREDT 1075 FiltrarConsulta","Consulta","",""
"","431","Cenário: CREDT-728 (API) Filtrar logs de ação com sucesso por Ação de Promoção","Features","Tue Apr 15 18:20:39 UTC 2025","passed","Tue Apr 15 18:20:39 UTC 2025","CREDT 684 FiltrarLogs","logsDeAcoes","",""
"","3017","Cenário: CREDT-258 (API) Tentar cadastrar credencial com inputs com nome vazio no body da requisição","Features","Tue Apr 15 18:16:59 UTC 2025","passed","Tue Apr 15 18:17:02 UTC 2025","CREDT 198 CadastrarCredencial","Credenciais","",""
"","1159","Cenário: CREDT-353 (API) Tentar editar credencial passando uma entrada com o nome preenchido só com espaços em branco","Features","Tue Apr 15 18:18:27 UTC 2025","passed","Tue Apr 15 18:18:28 UTC 2025","CREDT 244 EditarCredencial","Credenciais","",""
"","440","Cenário: CREDT-717 (API) Tentar filtrar logs de ação por Ação inválida","Features","Tue Apr 15 18:20:36 UTC 2025","passed","Tue Apr 15 18:20:37 UTC 2025","CREDT 684 FiltrarLogs","logsDeAcoes","",""
"","4418","Cenário: CREDT-1085 (API) Filtrar consultas com sucesso por Nome completo na conta da Neurotech","Features","Tue Apr 15 18:14:21 UTC 2025","passed","Tue Apr 15 18:14:26 UTC 2025","CREDT 1075 FiltrarConsulta","Consulta","",""
"","278","Cenário: CREDT-311 (API) Tentar filtrar credenciais sem passar uma consulta","Features","Tue Apr 15 18:18:10 UTC 2025","passed","Tue Apr 15 18:18:11 UTC 2025","CREDT 243 FiltrarCredenciais","Credenciais","",""
"","2131","Cenário: CREDT-756 (API) Tentar excluir consulta com credenciais cadastradas","Features","Tue Apr 15 18:15:14 UTC 2025","passed","Tue Apr 15 18:15:17 UTC 2025","CREDT 753 ExcluirConsulta","Consulta","",""
"","799","Cenário: CREDT-1017 (API) Tentar interromper compartilhamento da credencial com status inativo em consulta definitiva","Features","Tue Apr 15 18:20:14 UTC 2025","passed","Tue Apr 15 18:20:15 UTC 2025","CREDT 950 CompartilharCredencial","Credenciais","",""
"","2944","Cenário: CREDT-234 (API) Tentar cadastrar credencial com token sem autorização","Features","Tue Apr 15 18:16:26 UTC 2025","passed","Tue Apr 15 18:16:29 UTC 2025","CREDT 198 CadastrarCredencial","Credenciais","",""
"","2169","Cenário: CREDT-264 (API) Tentar detalhar credencial com token inválido","Features","Tue Apr 15 18:18:33 UTC 2025","passed","Tue Apr 15 18:18:35 UTC 2025","CREDT 272 DetalharCredencial","Credenciais","",""
"","1506","Cenário: CREDT-1074 (API) Filtrar logs de ação com sucesso por um intervalo de data no mesmo dia","Features","Tue Apr 15 18:20:46 UTC 2025","passed","Tue Apr 15 18:20:48 UTC 2025","CREDT 684 FiltrarLogs","logsDeAcoes","",""
"","1907","Cenário: CREDT-1087 (API) Filtrar consultas com sucesso por Nome completo na conta do cliente","Features","Tue Apr 15 18:14:27 UTC 2025","passed","Tue Apr 15 18:14:28 UTC 2025","CREDT 1075 FiltrarConsulta","Consulta","",""
"","919","Cenário: CREDT-904 (API) Tentar criar consulta com o campo Entradas da consulta contendo mais de 10 itens","Features","Tue Apr 15 18:16:08 UTC 2025","passed","Tue Apr 15 18:16:09 UTC 2025","CREDT 877 CriarConsultaDesenvolvimento","Consulta","",""
"","992","Cenário: CREDT-900 (API) Tentar criar consulta com o campo Código do cliente igual a zero","Features","Tue Apr 15 18:16:04 UTC 2025","passed","Tue Apr 15 18:16:05 UTC 2025","CREDT 877 CriarConsultaDesenvolvimento","Consulta","",""
"","939","Cenário: CREDT-886 (API) Tentar criar consulta sem preencher o campo Descrição da consulta","Features","Tue Apr 15 18:15:51 UTC 2025","passed","Tue Apr 15 18:15:52 UTC 2025","CREDT 877 CriarConsultaDesenvolvimento","Consulta","",""
"","561","Cenário: CREDT-200 (API) Listar consultas com parâmetro size inválido","Features","Tue Apr 15 18:14:59 UTC 2025","passed","Tue Apr 15 18:15:00 UTC 2025","CREDT 196 ListarConsulta","Consulta","",""
"","1934","Cenário: CREDT-223 (API) Tentar listar entradas de uma consulta inexistente no Gateway","Features","Tue Apr 15 18:18:02 UTC 2025","passed","Tue Apr 15 18:18:04 UTC 2025","CREDT 216 ListarEntradasDaConsulta","Credenciais","",""
"","980","Cenário: CREDT-364 (API) Ativar credencial com sucesso","Features","Tue Apr 15 18:19:10 UTC 2025","passed","Tue Apr 15 18:19:11 UTC 2025","CREDT 365 AtivarInativarCredencial","Credenciais","",""
"","54","Cenário: CREDT-807 (API) Listar status da aplicação","Features","Tue Apr 15 18:20:50 UTC 2025","passed","Tue Apr 15 18:20:50 UTC 2025","CREDT 805 MonitoramentoPrometheus","Prometheus","",""
"","853","Cenário: CREDT-890 (API) Tentar criar consulta sem o campo Descrição da consulta","Features","Tue Apr 15 18:15:55 UTC 2025","passed","Tue Apr 15 18:15:56 UTC 2025","CREDT 877 CriarConsultaDesenvolvimento","Consulta","",""
"","2612","Cenário: CREDT-247 (API) Tentar cadastrar credencial com o campo consulta vazio","Features","Tue Apr 15 18:16:40 UTC 2025","passed","Tue Apr 15 18:16:42 UTC 2025","CREDT 198 CadastrarCredencial","Credenciais","",""
"","1903","Cenário: CREDT-766 (API) Tentar excluir credencial ativa","Features","Tue Apr 15 18:19:38 UTC 2025","passed","Tue Apr 15 18:19:40 UTC 2025","CREDT 752 ExcluirCredencial","Credenciais","",""
"","2448","Cenário: CREDT-369 (API) Tentar ativar/inativar credencial passando um Status inválido no body","Features","Tue Apr 15 18:19:14 UTC 2025","passed","Tue Apr 15 18:19:17 UTC 2025","CREDT 365 AtivarInativarCredencial","Credenciais","",""
"","75","Cenário: CREDT-204 (API) Tentar listar consultas com Token expirado","Features","Tue Apr 15 18:15:03 UTC 2025","passed","Tue Apr 15 18:15:03 UTC 2025","CREDT 196 ListarConsulta","Consulta","",""
"","459","Cenário: CREDT-333 (API) Tentar editar credencial com token vazio","Features","Tue Apr 15 18:18:21 UTC 2025","passed","Tue Apr 15 18:18:21 UTC 2025","CREDT 244 EditarCredencial","Credenciais","",""
"","659","Cenário: CREDT-912 (API) Listar consultas do desenvolvimento com sucesso","Features","Tue Apr 15 18:15:05 UTC 2025","passed","Tue Apr 15 18:15:06 UTC 2025","CREDT 196 ListarConsulta","Consulta","",""
"","5174","Cenário: CREDT-995 (API) Compartilhar credencial ativa em consulta rascunho com sucesso","Features","Tue Apr 15 18:19:43 UTC 2025","passed","Tue Apr 15 18:19:49 UTC 2025","CREDT 950 CompartilharCredencial","Credenciais","",""
"","821","Cenário: CREDT-885 (API) Tentar criar consulta sem preencher o campo Nome da consulta","Features","Tue Apr 15 18:15:51 UTC 2025","passed","Tue Apr 15 18:15:51 UTC 2025","CREDT 877 CriarConsultaDesenvolvimento","Consulta","",""
"","313","Cenário: CREDT-714 (API) Filtrar logs de ação com sucesso por Consulta, Credencial, Usuário, Ação e Intervalo de datas, simultaneamente","Features","Tue Apr 15 18:20:35 UTC 2025","passed","Tue Apr 15 18:20:35 UTC 2025","CREDT 684 FiltrarLogs","logsDeAcoes","",""
"","403","Cenário: CREDT-986 (API) Listar credencial que ainda não tenha sido compartilhada","Features","Tue Apr 15 18:19:42 UTC 2025","passed","Tue Apr 15 18:19:42 UTC 2025","CREDT 878 ListarCompartilhamento","Credenciais","",""
"","2713","Cenário: CREDT-251 (API) Tentar cadastrar credencial sem o campo descrição no body da requisição","Features","Tue Apr 15 18:16:51 UTC 2025","passed","Tue Apr 15 18:16:54 UTC 2025","CREDT 198 CadastrarCredencial","Credenciais","",""
"","2016","Cenário: CREDT-375 (API) Tentar ativar/inativar credencial passando um id de credencial inexistente","Features","Tue Apr 15 18:19:25 UTC 2025","passed","Tue Apr 15 18:19:27 UTC 2025","CREDT 365 AtivarInativarCredencial","Credenciais","",""
"","252","Cenário: CREDT-773 (API) Tentar excluir credencial inexistente","Features","Tue Apr 15 18:19:40 UTC 2025","passed","Tue Apr 15 18:19:41 UTC 2025","CREDT 752 ExcluirCredencial","Credenciais","",""
"","569","Cenário: CREDT-535 (API) Filtrar credenciais com sucesso por Usuário","Features","Tue Apr 15 18:18:12 UTC 2025","passed","Tue Apr 15 18:18:13 UTC 2025","CREDT 243 FiltrarCredenciais","Credenciais","",""
"","843","Cenário: CREDT-1000 (API) Tentar compartilhar credencial com status inativo em consulta definitiva","Features","Tue Apr 15 18:20:00 UTC 2025","passed","Tue Apr 15 18:20:01 UTC 2025","CREDT 950 CompartilharCredencial","Credenciais","",""
"","51","Cenário: CREDT-812 (API) Listar a informação sobre uma métrica inexistente","Features","Tue Apr 15 18:20:50 UTC 2025","passed","Tue Apr 15 18:20:50 UTC 2025","CREDT 805 MonitoramentoPrometheus","Prometheus","",""
"","2657","Cenário: CREDT-257 (API) Tentar cadastrar credencial com inputs vazios no body da requisição","Features","Tue Apr 15 18:16:57 UTC 2025","passed","Tue Apr 15 18:16:59 UTC 2025","CREDT 198 CadastrarCredencial","Credenciais","",""
"","1230","Cenário: CREDT-298 (API) Filtrar credenciais com sucesso por Status Ativo","Features","Tue Apr 15 18:18:04 UTC 2025","passed","Tue Apr 15 18:18:06 UTC 2025","CREDT 243 FiltrarCredenciais","Credenciais","",""
"","878","Cenário: CREDT-893 (API) Tentar criar consulta com o campo Nome da consulta com letra minúscula","Features","Tue Apr 15 18:15:58 UTC 2025","passed","Tue Apr 15 18:15:59 UTC 2025","CREDT 877 CriarConsultaDesenvolvimento","Consulta","",""
"","270","Cenário: CREDT-178 (API) Tentar adicionar consulta com token vazio","Features","Tue Apr 15 18:14:39 UTC 2025","passed","Tue Apr 15 18:14:39 UTC 2025","CREDT 175 AdicionarConsulta","Consulta","",""
"","2662","Cenário: CREDT-201 (API) Listar consultas mesmo com os parâmetros page e size vazios","Features","Tue Apr 15 18:15:00 UTC 2025","passed","Tue Apr 15 18:15:02 UTC 2025","CREDT 196 ListarConsulta","Consulta","",""
"","1625","Cenário: CREDT-1089 (API) Filtrar consultas com sucesso por Nome inexistente","Features","Tue Apr 15 18:14:31 UTC 2025","passed","Tue Apr 15 18:14:33 UTC 2025","CREDT 1075 FiltrarConsulta","Consulta","",""
"","3255","Cenário: CREDT-936 (API) Validar que as consultas no portfólio do cliente estão em ordem alfabética case insensitive","Features","Tue Apr 15 18:14:50 UTC 2025","passed","Tue Apr 15 18:14:53 UTC 2025","CREDT 175 AdicionarConsulta","Consulta","",""
"","2162","Cenário: CREDT-197 (API) Listar consultas com sucesso","Features","Tue Apr 15 18:14:57 UTC 2025","passed","Tue Apr 15 18:14:59 UTC 2025","CREDT 196 ListarConsulta","Consulta","",""
"","321","Cenário: CREDT-1002 (API) Tentar compartilhar credencial com credentialId vazio","Features","Tue Apr 15 18:20:01 UTC 2025","passed","Tue Apr 15 18:20:02 UTC 2025","CREDT 950 CompartilharCredencial","Credenciais","",""
"","59","Cenário: CREDT-770 (API) Tentar excluir credencial com Token vazio","Features","Tue Apr 15 18:19:40 UTC 2025","passed","Tue Apr 15 18:19:40 UTC 2025","CREDT 752 ExcluirCredencial","Credenciais","",""
"","68","Cenário: CREDT-769 (API) Tentar excluir credencial com Token expirado","Features","Tue Apr 15 18:19:40 UTC 2025","passed","Tue Apr 15 18:19:40 UTC 2025","CREDT 752 ExcluirCredencial","Credenciais","",""
"","462","Cenário: CREDT-303 (API) Filtrar credenciais com sucesso por Descrição, Ambiente e Status","Features","Tue Apr 15 18:18:08 UTC 2025","passed","Tue Apr 15 18:18:09 UTC 2025","CREDT 243 FiltrarCredenciais","Credenciais","",""
"","64","Cenário: CREDT-1095 (API) Tentar filtrar consulta com token vazio","Features","Tue Apr 15 18:14:36 UTC 2025","passed","Tue Apr 15 18:14:36 UTC 2025","CREDT 1075 FiltrarConsulta","Consulta","",""
"","2616","Cenário: CREDT-490 (API) Tentar cadastrar credencial sem o campo nome no body da requisição","Features","Tue Apr 15 18:17:41 UTC 2025","passed","Tue Apr 15 18:17:44 UTC 2025","CREDT 198 CadastrarCredencial","Credenciais","",""
"","548","Cenário: CREDT-534 (API) Filtrar credenciais com sucesso por uma Nome inexistente","Features","Tue Apr 15 18:18:12 UTC 2025","passed","Tue Apr 15 18:18:12 UTC 2025","CREDT 243 FiltrarCredenciais","Credenciais","",""
"","955","Cenário: CREDT-899 (API) Tentar criar consulta com o campo Código do cliente contendo letras","Features","Tue Apr 15 18:16:03 UTC 2025","passed","Tue Apr 15 18:16:04 UTC 2025","CREDT 877 CriarConsultaDesenvolvimento","Consulta","",""
"","759","Cenário: CREDT-1086 (API) Filtrar consultas com sucesso por Nome completo na conta do desenvolvedor","Features","Tue Apr 15 18:14:26 UTC 2025","passed","Tue Apr 15 18:14:27 UTC 2025","CREDT 1075 FiltrarConsulta","Consulta","",""
"","2021","Cenário: CREDT-491 (API) Tentar cadastrar credencial com o campo nome idêntico ao de outra credencial, na mesma consulta e conta","Features","Tue Apr 15 18:17:44 UTC 2025","passed","Tue Apr 15 18:17:46 UTC 2025","CREDT 198 CadastrarCredencial","Credenciais","",""
"","71","Cenário: CREDT-309 (API) Tentar filtrar credenciais com token vazio","Features","Tue Apr 15 18:18:10 UTC 2025","passed","Tue Apr 15 18:18:10 UTC 2025","CREDT 243 FiltrarCredenciais","Credenciais","",""
"","863","Cenário: CREDT-998 (API) Interromper compartilhamento da credencial ativa em consulta definitiva com sucesso","Features","Tue Apr 15 18:19:54 UTC 2025","passed","Tue Apr 15 18:19:55 UTC 2025","CREDT 950 CompartilharCredencial","Credenciais","",""
"","246","Cenário: CREDT-761 (API) Tentar excluir consulta com Token sem autorização","Features","Tue Apr 15 18:15:20 UTC 2025","passed","Tue Apr 15 18:15:20 UTC 2025","CREDT 753 ExcluirConsulta","Consulta","",""
"","1065","Cenário: CREDT-207 (API) Tentar listar consultas sem passar nenhum parâmetro","Features","Tue Apr 15 18:15:04 UTC 2025","passed","Tue Apr 15 18:15:05 UTC 2025","CREDT 196 ListarConsulta","Consulta","",""
"","2028","Cenário: CREDT-932 (API) Validar que uma consulta rascunho criada aparece no portfólio do cliente destino","Features","Tue Apr 15 18:14:44 UTC 2025","passed","Tue Apr 15 18:14:46 UTC 2025","CREDT 175 AdicionarConsulta","Consulta","",""
"","80","Cenário: CREDT-693 (API) Tentar listar logs de ação com Token inválido","Features","Tue Apr 15 18:20:26 UTC 2025","passed","Tue Apr 15 18:20:26 UTC 2025","CREDT 683 ListarLogs","logsDeAcoes","",""
"","982","Cenário: CREDT-910 (API) Tentar criar consulta com token válido porém usuário da conta 999 e NÃO @neurotech","Features","Tue Apr 15 18:16:11 UTC 2025","passed","Tue Apr 15 18:16:12 UTC 2025","CREDT 877 CriarConsultaDesenvolvimento","Consulta","",""
"","2016","Cenário: CREDT-1067 (API) Tentar excluir consulta rascunho da conta do desenvolvedor com token de usuário de outra conta","Features","Tue Apr 15 18:15:23 UTC 2025","passed","Tue Apr 15 18:15:25 UTC 2025","CREDT 753 ExcluirConsulta","Consulta","",""
"","955","Cenário: CREDT-887 (API) Tentar criar consulta sem preencher o campo Código do Cliente","Features","Tue Apr 15 18:15:52 UTC 2025","passed","Tue Apr 15 18:15:53 UTC 2025","CREDT 877 CriarConsultaDesenvolvimento","Consulta","",""
"","1726","Cenário: CREDT-266 (API) Tentar detalhar credencial com token vazio","Features","Tue Apr 15 18:18:38 UTC 2025","passed","Tue Apr 15 18:18:39 UTC 2025","CREDT 272 DetalharCredencial","Credenciais","",""
"","1656","Cenário: CREDT-284 (API) Tentar listar credenciais passando uma consulta que não foi adicionada à conta utilizada","Features","Tue Apr 15 18:19:00 UTC 2025","passed","Tue Apr 15 18:19:01 UTC 2025","CREDT 292 ListarCredenciais","Credenciais","",""
"","1682","Cenário: CREDT-221 (API) Tentar listar entradas de uma consulta com token sem autorização","Features","Tue Apr 15 18:17:58 UTC 2025","passed","Tue Apr 15 18:18:00 UTC 2025","CREDT 216 ListarEntradasDaConsulta","Credenciais","",""
"","94481","Cenário: CREDT-819 (API) Validar alerta de colisão de Credenciais ao listar métricas","Features","Tue Apr 15 18:20:50 UTC 2025","failed","Tue Apr 15 18:22:24 UTC 2025","CREDT 805 MonitoramentoPrometheus","Prometheus","",""
"","2646","Cenário: CREDT-1066 (API) Excluir consulta rascunho com sucesso na conta do desenvolvedor","Features","Tue Apr 15 18:15:20 UTC 2025","passed","Tue Apr 15 18:15:22 UTC 2025","CREDT 753 ExcluirConsulta","Consulta","",""
"","76","Cenário: CREDT-202 (API) Tentar listar consultas com Token inválido","Features","Tue Apr 15 18:15:02 UTC 2025","passed","Tue Apr 15 18:15:02 UTC 2025","CREDT 196 ListarConsulta","Consulta","",""
"","4870","Cenário: CREDT-997 (API) Interromper compartilhamento da credencial ativa em consulta rascunho com sucesso","Features","Tue Apr 15 18:19:49 UTC 2025","passed","Tue Apr 15 18:19:54 UTC 2025","CREDT 950 CompartilharCredencial","Credenciais","",""
"","254","Cenário: CREDT-696 (API) Tentar listar logs de ação com Token sem autorização","Features","Tue Apr 15 18:20:26 UTC 2025","passed","Tue Apr 15 18:20:26 UTC 2025","CREDT 683 ListarLogs","logsDeAcoes","",""
"","70","Cenário: CREDT-768 (API) Tentar excluir credencial com Token inválido","Features","Tue Apr 15 18:19:40 UTC 2025","passed","Tue Apr 15 18:19:40 UTC 2025","CREDT 752 ExcluirCredencial","Credenciais","",""
"","68","Cenário: CREDT-806 (API) Listar endpoints de métricas, monitoramento e healthcheck","Features","Tue Apr 15 18:20:50 UTC 2025","passed","Tue Apr 15 18:20:50 UTC 2025","CREDT 805 MonitoramentoPrometheus","Prometheus","",""
"","68","Cenário: CREDT-810 (API) Listar a lista de nomes de métricas","Features","Tue Apr 15 18:20:50 UTC 2025","passed","Tue Apr 15 18:20:50 UTC 2025","CREDT 805 MonitoramentoPrometheus","Prometheus","",""
"","2752","Cenário: CREDT-246 (API) Tentar cadastrar credencial com uma consulta não adicionada à conta utilizada","Features","Tue Apr 15 18:16:37 UTC 2025","passed","Tue Apr 15 18:16:40 UTC 2025","CREDT 198 CadastrarCredencial","Credenciais","",""
"","751","Cenário: CREDT-972 (API) Tentar compartilhar credencial por uma data final inexistente","Features","Tue Apr 15 18:20:05 UTC 2025","passed","Tue Apr 15 18:20:05 UTC 2025","CREDT 950 CompartilharCredencial","Credenciais","",""
"","1579","Cenário: CREDT-289 (API) Tentar listar credenciais com direção e campo de ordenação preenchidos somente com espaço em branco","Features","Tue Apr 15 18:19:05 UTC 2025","passed","Tue Apr 15 18:19:06 UTC 2025","CREDT 292 ListarCredenciais","Credenciais","",""
"","2254","Cenário: CREDT-279 (API) Listar credenciais com sucesso ordenando por Status em ordem decrescente","Features","Tue Apr 15 18:18:51 UTC 2025","passed","Tue Apr 15 18:18:54 UTC 2025","CREDT 292 ListarCredenciais","Credenciais","",""
"","527","Cenário: CREDT-536 (API) Filtrar credenciais com sucesso por uma Usuário inexistente","Features","Tue Apr 15 18:18:13 UTC 2025","passed","Tue Apr 15 18:18:13 UTC 2025","CREDT 243 FiltrarCredenciais","Credenciais","",""
"","400","Cenário: CREDT-721 (API) Tentar filtrar logs de ação, passando uma data inicial posterior à data final","Features","Tue Apr 15 18:20:38 UTC 2025","passed","Tue Apr 15 18:20:38 UTC 2025","CREDT 684 FiltrarLogs","logsDeAcoes","",""
"","294","Cenário: CREDT-689 (API) Tentar listar logs de ação com parâmetro size inválido","Features","Tue Apr 15 18:20:24 UTC 2025","passed","Tue Apr 15 18:20:24 UTC 2025","CREDT 683 ListarLogs","logsDeAcoes","",""
"","1882","Cenário: CREDT-709 (API) Filtrar logs de ação com sucesso por Usuário","Features","Tue Apr 15 18:20:30 UTC 2025","passed","Tue Apr 15 18:20:32 UTC 2025","CREDT 684 FiltrarLogs","logsDeAcoes","",""
"","666","Cenário: CREDT-911 (API) Tentar criar consulta sem passar o body na requisição","Features","Tue Apr 15 18:16:12 UTC 2025","passed","Tue Apr 15 18:16:13 UTC 2025","CREDT 877 CriarConsultaDesenvolvimento","Consulta","",""
"","609","Cenário: CREDT-182 (API) Tentar adicionar uma consulta, passando o nome da consulta em branco","Features","Tue Apr 15 18:14:41 UTC 2025","passed","Tue Apr 15 18:14:42 UTC 2025","CREDT 175 AdicionarConsulta","Consulta","",""
"","739","Cenário: CREDT-1014 (API) Tentar compartilhar credencial com qtdSubmissions for diferente do tipo inteiro","Features","Tue Apr 15 18:20:10 UTC 2025","passed","Tue Apr 15 18:20:11 UTC 2025","CREDT 950 CompartilharCredencial","Credenciais","",""
"","3436","Cenário: CREDT-487 (API) Tentar cadastrar credencial com o campo nome contendo menos de 5 caracteres","Features","Tue Apr 15 18:17:31 UTC 2025","passed","Tue Apr 15 18:17:35 UTC 2025","CREDT 198 CadastrarCredencial","Credenciais","",""
"","76","Cenário: CREDT-177 (API) Tentar adicionar consulta com token expirado","Features","Tue Apr 15 18:14:39 UTC 2025","passed","Tue Apr 15 18:14:39 UTC 2025","CREDT 175 AdicionarConsulta","Consulta","",""
"","720","Cenário: CREDT-715 (API) Filtrar logs de ação com sucesso sem selecionar nenhum filtro","Features","Tue Apr 15 18:20:35 UTC 2025","passed","Tue Apr 15 18:20:36 UTC 2025","CREDT 684 FiltrarLogs","logsDeAcoes","",""
"","3976","Cenário: CREDT-1071 (API) Tentar excluir consulta rascunho com credenciais cadastradas na conta do cliente","Features","Tue Apr 15 18:15:36 UTC 2025","passed","Tue Apr 15 18:15:40 UTC 2025","CREDT 753 ExcluirConsulta","Consulta","",""
"","633","Cenário: CREDT-339 (API) Tentar editar credencial passando um id de credencial inexistente no endpoint","Features","Tue Apr 15 18:18:22 UTC 2025","passed","Tue Apr 15 18:18:22 UTC 2025","CREDT 244 EditarCredencial","Credenciais","",""
"","1375","Cenário: CREDT-280 (API) Tentar listar credenciais com token inválido","Features","Tue Apr 15 18:18:54 UTC 2025","passed","Tue Apr 15 18:18:55 UTC 2025","CREDT 292 ListarCredenciais","Credenciais","",""
"","897","Cenário: CREDT-304 (API) Filtrar credenciais com sucesso sem selecionar nenhum filtro","Features","Tue Apr 15 18:18:09 UTC 2025","passed","Tue Apr 15 18:18:10 UTC 2025","CREDT 243 FiltrarCredenciais","Credenciais","",""
"","74","Cenário: CREDT-1023 (API) Tentar compartilhar credencial com token vazio","Features","Tue Apr 15 18:20:17 UTC 2025","passed","Tue Apr 15 18:20:17 UTC 2025","CREDT 950 CompartilharCredencial","Credenciais","",""
"","58","Cenário: CREDT-811 (API) Listar a informação sobre uma métrica específica","Features","Tue Apr 15 18:20:50 UTC 2025","passed","Tue Apr 15 18:20:50 UTC 2025","CREDT 805 MonitoramentoPrometheus","Prometheus","",""
"","255","Cenário: CREDT-725 (API) Tentar filtrar logs de ação com Token sem autorização","Features","Tue Apr 15 18:20:38 UTC 2025","passed","Tue Apr 15 18:20:39 UTC 2025","CREDT 684 FiltrarLogs","logsDeAcoes","",""
"","179","Cenário: CREDT-1094 (API) Tentar filtrar consulta com token expirado","Features","Tue Apr 15 18:14:36 UTC 2025","passed","Tue Apr 15 18:14:36 UTC 2025","CREDT 1075 FiltrarConsulta","Consulta","",""
"","242","Cenário: CREDT-914 (API) Listar consultas do desenvolvimento com parâmetro size inválido","Features","Tue Apr 15 18:15:06 UTC 2025","passed","Tue Apr 15 18:15:07 UTC 2025","CREDT 196 ListarConsulta","Consulta","",""
"","580","Cenário: CREDT-691 (API) Tentar listar logs de ação passando um valor do 'page' maior que o número de páginas com registros da lista","Features","Tue Apr 15 18:20:25 UTC 2025","passed","Tue Apr 15 18:20:25 UTC 2025","CREDT 683 ListarLogs","logsDeAcoes","",""
"","2407","Cenário: CREDT-325 (API) Editar credencial com Status Inativo","Features","Tue Apr 15 18:18:14 UTC 2025","passed","Tue Apr 15 18:18:17 UTC 2025","CREDT 244 EditarCredencial","Credenciais","",""
"","832","Cenário: CREDT-352 (API) Tentar editar credencial passando uma entrada com o nome vazio","Features","Tue Apr 15 18:18:26 UTC 2025","passed","Tue Apr 15 18:18:27 UTC 2025","CREDT 244 EditarCredencial","Credenciais","",""
"","753","Cenário: CREDT-1019 (API) Tentar compartilhar credencial com stopShared diferente de booleano","Features","Tue Apr 15 18:20:15 UTC 2025","passed","Tue Apr 15 18:20:16 UTC 2025","CREDT 950 CompartilharCredencial","Credenciais","",""
"","2624","Cenário: CREDT-376 (API) Tentar ativar/inativar credencial passando um id de credencial vazio","Features","Tue Apr 15 18:19:27 UTC 2025","passed","Tue Apr 15 18:19:30 UTC 2025","CREDT 365 AtivarInativarCredencial","Credenciais","",""
"","896","Cenário: CREDT-892 (API) Tentar criar consulta sem o campo Entrada da consulta","Features","Tue Apr 15 18:15:57 UTC 2025","passed","Tue Apr 15 18:15:58 UTC 2025","CREDT 877 CriarConsultaDesenvolvimento","Consulta","",""
"","883","Cenário: CREDT-903 (API) Tentar criar consulta com o campo Código do cliente contendo mais de 5 caracteres","Features","Tue Apr 15 18:16:07 UTC 2025","passed","Tue Apr 15 18:16:08 UTC 2025","CREDT 877 CriarConsultaDesenvolvimento","Consulta","",""
"","2414","Cenário: CREDT-371 (API) Tentar ativar/inativar credencial com token expirado","Features","Tue Apr 15 18:19:19 UTC 2025","passed","Tue Apr 15 18:19:21 UTC 2025","CREDT 365 AtivarInativarCredencial","Credenciais","",""
"","199","Cenário: CREDT-176 (API) Tentar adicionar consulta com token inválido","Features","Tue Apr 15 18:14:39 UTC 2025","passed","Tue Apr 15 18:14:39 UTC 2025","CREDT 175 AdicionarConsulta","Consulta","",""
"","664","Cenário: CREDT-920 (API) Tentar listar consultas do desenvolvimento passando um valor do page maior que o número de páginas com registros da lista","Features","Tue Apr 15 18:15:07 UTC 2025","passed","Tue Apr 15 18:15:08 UTC 2025","CREDT 196 ListarConsulta","Consulta","",""
"","2510","Cenário: CREDT-1088 (API) Filtrar consultas com sucesso por Nome parcial","Features","Tue Apr 15 18:14:28 UTC 2025","passed","Tue Apr 15 18:14:31 UTC 2025","CREDT 1075 FiltrarConsulta","Consulta","",""
"","2037","Cenário: CREDT-1065 (API) Cadastrar credencial com sucesso em consulta rascunho na conta do cliente","Features","Tue Apr 15 18:17:48 UTC 2025","passed","Tue Apr 15 18:17:50 UTC 2025","CREDT 198 CadastrarCredencial","Credenciais","",""
"","2738","Cenário: CREDT-485 (API) Tentar cadastrar credencial com o campo nome contendo espaços","Features","Tue Apr 15 18:17:26 UTC 2025","passed","Tue Apr 15 18:17:28 UTC 2025","CREDT 198 CadastrarCredencial","Credenciais","",""
"","796","Cenário: CREDT-1013 (API) Tentar compartilhar credencial com qtdSubmissions maior que 2 dígitos","Features","Tue Apr 15 18:20:09 UTC 2025","passed","Tue Apr 15 18:20:10 UTC 2025","CREDT 950 CompartilharCredencial","Credenciais","",""
"","2492","Cenário: CREDT-1016 (API) Tentar interromper compartilhamento da credencial com status inativo em consulta rascunho","Features","Tue Apr 15 18:20:12 UTC 2025","passed","Tue Apr 15 18:20:14 UTC 2025","CREDT 950 CompartilharCredencial","Credenciais","",""
"","1926","Cenário: CREDT-729 (API) Filtrar logs de ação com sucesso por Ação de Criação","Features","Tue Apr 15 18:20:39 UTC 2025","passed","Tue Apr 15 18:20:41 UTC 2025","CREDT 684 FiltrarLogs","logsDeAcoes","",""
"","257","Cenário: CREDT-771 (API) Tentar excluir credencial com Token sem autorização","Features","Tue Apr 15 18:19:40 UTC 2025","passed","Tue Apr 15 18:19:40 UTC 2025","CREDT 752 ExcluirCredencial","Credenciais","",""
"","897","Cenário: CREDT-931 (API) Tentar criar nova consulta com o código do cliente da conta 1","Features","Tue Apr 15 18:16:14 UTC 2025","passed","Tue Apr 15 18:16:15 UTC 2025","CREDT 877 CriarConsultaDesenvolvimento","Consulta","",""
"","2631","Cenário: CREDT-261 (API) Tentar cadastrar credencial com inputs com valor preenchido só com espaços em branco","Features","Tue Apr 15 18:17:08 UTC 2025","passed","Tue Apr 15 18:17:10 UTC 2025","CREDT 198 CadastrarCredencial","Credenciais","",""
"","295","Cenário: CREDT-1001 (API) Tentar compartilhar credencial com body incorreto","Features","Tue Apr 15 18:20:01 UTC 2025","passed","Tue Apr 15 18:20:01 UTC 2025","CREDT 950 CompartilharCredencial","Credenciais","",""
"","684","Cenário: CREDT-953 (API) Tentar compartilhar credencial com os campos dateFinal e qtdSubmissions vazios","Features","Tue Apr 15 18:20:17 UTC 2025","passed","Tue Apr 15 18:20:18 UTC 2025","CREDT 950 CompartilharCredencial","Credenciais","",""
"","1222","Cenário: CREDT-220 (API) Tentar listar entradas de uma consulta com token vazio","Features","Tue Apr 15 18:17:57 UTC 2025","passed","Tue Apr 15 18:17:58 UTC 2025","CREDT 216 ListarEntradasDaConsulta","Credenciais","",""
"","4960","Cenário: CREDT-1037 (API) Tentar interromper compartilhamento da credencial com status ativa que ainda não foi compartilhada em consulta rascunho","Features","Tue Apr 15 18:20:18 UTC 2025","passed","Tue Apr 15 18:20:23 UTC 2025","CREDT 950 CompartilharCredencial","Credenciais","",""
"","729","Cenário: CREDT-347 (API) Tentar editar credencial passando uma descrição preenchida só com espaços em branco","Features","Tue Apr 15 18:18:24 UTC 2025","passed","Tue Apr 15 18:18:24 UTC 2025","CREDT 244 EditarCredencial","Credenciais","",""
"","439","Cenário: CREDT-310 (API) Tentar filtrar credenciais com token sem autorização","Features","Tue Apr 15 18:18:10 UTC 2025","passed","Tue Apr 15 18:18:10 UTC 2025","CREDT 243 FiltrarCredenciais","Credenciais","",""
"","1584","Cenário: CREDT-281 (API) Tentar listar credenciais com token expirado","Features","Tue Apr 15 18:18:55 UTC 2025","passed","Tue Apr 15 18:18:57 UTC 2025","CREDT 292 ListarCredenciais","Credenciais","",""
"","904","Cenário: CREDT-902 (API) Tentar criar consulta com o campo Código do cliente contendo caracteres especiais","Features","Tue Apr 15 18:16:06 UTC 2025","passed","Tue Apr 15 18:16:07 UTC 2025","CREDT 877 CriarConsultaDesenvolvimento","Consulta","",""
"","106","Cenário: CREDT-990 (API) Tentar compartilhar credencial com token expirado","Features","Tue Apr 15 18:19:43 UTC 2025","passed","Tue Apr 15 18:19:43 UTC 2025","CREDT 878 ListarCompartilhamento","Credenciais","",""
"","2993","Cenário: CREDT-483 (API) Tentar cadastrar credencial com o campo nome contendo caracteres especiais, incluindo acentos e cedilha","Features","Tue Apr 15 18:17:20 UTC 2025","passed","Tue Apr 15 18:17:23 UTC 2025","CREDT 198 CadastrarCredencial","Credenciais","",""
"","719","Cenário: CREDT-1011 (API) Compartilhar credencial com dateFinal em formato aaaa/mm/dd","Features","Tue Apr 15 18:20:08 UTC 2025","passed","Tue Apr 15 18:20:09 UTC 2025","CREDT 950 CompartilharCredencial","Credenciais","",""
"","450","Cenário: CREDT-332 (API) Tentar editar credencial com token expirado","Features","Tue Apr 15 18:18:20 UTC 2025","passed","Tue Apr 15 18:18:21 UTC 2025","CREDT 244 EditarCredencial","Credenciais","",""
"","2967","Cenário: CREDT-1070 (API) Tentar excluir consulta rascunho da conta do cliente com token de usuário de outra conta","Features","Tue Apr 15 18:15:33 UTC 2025","passed","Tue Apr 15 18:15:36 UTC 2025","CREDT 753 ExcluirConsulta","Consulta","",""
"","2799","Cenário: CREDT-1101 (API) Tentar cadastrar credencial com inputs que não pertencem a consulta original","Features","Tue Apr 15 18:17:50 UTC 2025","passed","Tue Apr 15 18:17:53 UTC 2025","CREDT 198 CadastrarCredencial","Credenciais","",""
"","1657","Cenário: CREDT-291 (API) Tentar listar credenciais passando um valor inválido para a direção de ordenação","Features","Tue Apr 15 18:19:08 UTC 2025","passed","Tue Apr 15 18:19:10 UTC 2025","CREDT 292 ListarCredenciais","Credenciais","",""
"","77","Cenário: CREDT-694 (API) Tentar listar logs de ação com Token vazio","Features","Tue Apr 15 18:20:26 UTC 2025","passed","Tue Apr 15 18:20:26 UTC 2025","CREDT 683 ListarLogs","logsDeAcoes","",""
"","73","Cenário: CREDT-695 (API) Tentar listar logs de ação com Token expirado","Features","Tue Apr 15 18:20:26 UTC 2025","passed","Tue Apr 15 18:20:26 UTC 2025","CREDT 683 ListarLogs","logsDeAcoes","",""
"","749","Cenário: CREDT-1005 (API) Compartilhar credencial com dateFinal vazio","Features","Tue Apr 15 18:20:02 UTC 2025","passed","Tue Apr 15 18:20:03 UTC 2025","CREDT 950 CompartilharCredencial","Credenciais","",""
"","323","Cenário: CREDT-1003 (API) Tentar compartilhar credencial com credentialId nulo","Features","Tue Apr 15 18:20:02 UTC 2025","passed","Tue Apr 15 18:20:02 UTC 2025","CREDT 950 CompartilharCredencial","Credenciais","",""
"","65","Cenário: CREDT-307 (API) Tentar filtrar credenciais com token inválido","Features","Tue Apr 15 18:18:10 UTC 2025","passed","Tue Apr 15 18:18:10 UTC 2025","CREDT 243 FiltrarCredenciais","Credenciais","",""
"","2982","Cenário: CREDT-484 (API) Tentar cadastrar credencial com o campo nome contendo letras minúsculas","Features","Tue Apr 15 18:17:23 UTC 2025","passed","Tue Apr 15 18:17:26 UTC 2025","CREDT 198 CadastrarCredencial","Credenciais","",""
"","2670","Cenário: CREDT-259 (API) Tentar cadastrar credencial com inputs com nome preenchido só com espaços em branco","Features","Tue Apr 15 18:17:02 UTC 2025","passed","Tue Apr 15 18:17:05 UTC 2025","CREDT 198 CadastrarCredencial","Credenciais","",""
"","981","Cenário: CREDT-367 (API) Ativar credencial com status ativo","Features","Tue Apr 15 18:19:12 UTC 2025","passed","Tue Apr 15 18:19:13 UTC 2025","CREDT 365 AtivarInativarCredencial","Credenciais","",""
"","2895","Cenário: CREDT-481 (API) Cadastrar credencial com um nome válido contendo underline","Features","Tue Apr 15 18:17:13 UTC 2025","failed","Tue Apr 15 18:17:16 UTC 2025","CREDT 198 CadastrarCredencial","Credenciais","",""
"","835","Cenário: CREDT-880 (API) Cadastrar nova consulta com Descrição contendo caracteres especiais, acentuação e números","Features","Tue Apr 15 18:15:46 UTC 2025","passed","Tue Apr 15 18:15:47 UTC 2025","CREDT 877 CriarConsultaDesenvolvimento","Consulta","",""
"","751","Cenário: CREDT-1009 (API) Compartilhar credencial com dateFinal em formato dd/mm/aaaa","Features","Tue Apr 15 18:20:06 UTC 2025","passed","Tue Apr 15 18:20:07 UTC 2025","CREDT 950 CompartilharCredencial","Credenciais","",""
"","698","Cenário: CREDT-1015 (API) Tentar compartilhar credencial com qtdSubmissions inteiro menor que zero","Features","Tue Apr 15 18:20:11 UTC 2025","passed","Tue Apr 15 18:20:12 UTC 2025","CREDT 950 CompartilharCredencial","Credenciais","",""
"","892","Cenário: CREDT-897 (API) Tentar criar consulta com o campo Nome contendo mais de 50 caracteres","Features","Tue Apr 15 18:16:02 UTC 2025","passed","Tue Apr 15 18:16:02 UTC 2025","CREDT 877 CriarConsultaDesenvolvimento","Consulta","",""
"","60","Cenário: CREDT-1093 (API) Tentar filtrar consulta com token inválido","Features","Tue Apr 15 18:14:36 UTC 2025","passed","Tue Apr 15 18:14:36 UTC 2025","CREDT 1075 FiltrarConsulta","Consulta","",""
"","82","Cenário: CREDT-1022 (API) Tentar compartilhar credencial com token expirado","Features","Tue Apr 15 18:20:16 UTC 2025","passed","Tue Apr 15 18:20:17 UTC 2025","CREDT 950 CompartilharCredencial","Credenciais","",""
"","1751","Cenário: CREDT-933 (API) Validar que uma consulta rascunho criada para a conta X não pode ser adicionada na conta errada Y","Features","Tue Apr 15 18:14:46 UTC 2025","passed","Tue Apr 15 18:14:48 UTC 2025","CREDT 175 AdicionarConsulta","Consulta","",""
"","1455","Cenário: CREDT-282 (API) Tentar listar credenciais com token vazio","Features","Tue Apr 15 18:18:57 UTC 2025","passed","Tue Apr 15 18:18:58 UTC 2025","CREDT 292 ListarCredenciais","Credenciais","",""
"","2089","Cenário: CREDT-239 (API) Cadastrar credenciais idênticas exceto pela consulta","Features","Tue Apr 15 18:16:32 UTC 2025","passed","Tue Apr 15 18:16:34 UTC 2025","CREDT 198 CadastrarCredencial","Credenciais","",""
"","74","Cenário: CREDT-989 (API) Tentar compartilhar credencial com token inválido","Features","Tue Apr 15 18:19:43 UTC 2025","passed","Tue Apr 15 18:19:43 UTC 2025","CREDT 878 ListarCompartilhamento","Credenciais","",""
"","2689","Cenário: CREDT-757 (API) Tentar excluir consulta inexistente","Features","Tue Apr 15 18:15:17 UTC 2025","passed","Tue Apr 15 18:15:19 UTC 2025","CREDT 753 ExcluirConsulta","Consulta","",""
"","2688","Cenário: CREDT-238 (API) Tentar cadastrar credenciais idênticas exceto pelos inputs","Features","Tue Apr 15 18:16:29 UTC 2025","passed","Tue Apr 15 18:16:32 UTC 2025","CREDT 198 CadastrarCredencial","Credenciais","",""
"","1495","Cenário: CREDT-286 (API) Tentar listar credenciais passando o nome da consulta só com espaços em branco","Features","Tue Apr 15 18:19:01 UTC 2025","passed","Tue Apr 15 18:19:03 UTC 2025","CREDT 292 ListarCredenciais","Credenciais","",""
"","1460","Cenário: CREDT-218 (API) Tentar listar entradas de uma consulta com token inválido","Features","Tue Apr 15 18:17:54 UTC 2025","passed","Tue Apr 15 18:17:56 UTC 2025","CREDT 216 ListarEntradasDaConsulta","Credenciais","",""
"","131","Cenário: CREDT-203 (API) Tentar listar consultas com Token vazio","Features","Tue Apr 15 18:15:02 UTC 2025","passed","Tue Apr 15 18:15:03 UTC 2025","CREDT 196 ListarConsulta","Consulta","",""
"","3078","Cenário: CREDT-327 (API) Editar credencial com Status Ativo","Features","Tue Apr 15 18:18:17 UTC 2025","passed","Tue Apr 15 18:18:20 UTC 2025","CREDT 244 EditarCredencial","Credenciais","",""
"","64","Cenário: CREDT-724 (API) Tentar filtrar logs de ação com Token vazio","Features","Tue Apr 15 18:20:38 UTC 2025","passed","Tue Apr 15 18:20:38 UTC 2025","CREDT 684 FiltrarLogs","logsDeAcoes","",""
"","523","Cenário: CREDT-906 (API) Tentar criar consulta com token expirado","Features","Tue Apr 15 18:16:10 UTC 2025","passed","Tue Apr 15 18:16:10 UTC 2025","CREDT 877 CriarConsultaDesenvolvimento","Consulta","",""
"","2668","Cenário: CREDT-250 (API) Tentar cadastrar credencial com o campo descrição só com espaços em branco","Features","Tue Apr 15 18:16:48 UTC 2025","passed","Tue Apr 15 18:16:51 UTC 2025","CREDT 198 CadastrarCredencial","Credenciais","",""
"","921","Cenário: CREDT-901 (API) Tentar criar consulta com o campo Código do cliente contendo número negativo","Features","Tue Apr 15 18:16:05 UTC 2025","passed","Tue Apr 15 18:16:06 UTC 2025","CREDT 877 CriarConsultaDesenvolvimento","Consulta","",""
"","1698","Cenário: CREDT-290 (API) Tentar listar credenciais passando um valor inválido para o campo de ordenação","Features","Tue Apr 15 18:19:06 UTC 2025","passed","Tue Apr 15 18:19:08 UTC 2025","CREDT 292 ListarCredenciais","Credenciais","",""
"","808","Cenário: CREDT-889 (API) Tentar criar consulta sem o campo Nome da consulta","Features","Tue Apr 15 18:15:54 UTC 2025","passed","Tue Apr 15 18:15:55 UTC 2025","CREDT 877 CriarConsultaDesenvolvimento","Consulta","",""
"","3723","Cenário: CREDT-489 (API) Tentar cadastrar credencial com o campo nome vazio","Features","Tue Apr 15 18:17:37 UTC 2025","passed","Tue Apr 15 18:17:41 UTC 2025","CREDT 198 CadastrarCredencial","Credenciais","",""
"","64","Cenário: CREDT-723 (API) Tentar filtrar logs de ação com Token expirado","Features","Tue Apr 15 18:20:38 UTC 2025","passed","Tue Apr 15 18:20:38 UTC 2025","CREDT 684 FiltrarLogs","logsDeAcoes","",""
"","2293","Cenário: CREDT-225 (API) Cadastrar credencial com sucesso","Features","Tue Apr 15 18:16:16 UTC 2025","passed","Tue Apr 15 18:16:18 UTC 2025","CREDT 198 CadastrarCredencial","Credenciais","",""
"","2687","Cenário: CREDT-249 (API) Tentar cadastrar credencial com o campo descrição vazio","Features","Tue Apr 15 18:16:46 UTC 2025","passed","Tue Apr 15 18:16:48 UTC 2025","CREDT 198 CadastrarCredencial","Credenciais","",""
"","617","Cenário: CREDT-687 (API) Listar logs de ação com sucesso","Features","Tue Apr 15 18:20:23 UTC 2025","passed","Tue Apr 15 18:20:23 UTC 2025","CREDT 683 ListarLogs","logsDeAcoes","",""
"","104","Cenário: CREDT-991 (API) Tentar compartilhar credencial com token vazio","Features","Tue Apr 15 18:19:43 UTC 2025","passed","Tue Apr 15 18:19:43 UTC 2025","CREDT 878 ListarCompartilhamento","Credenciais","",""
"","1307","Cenário: CREDT-1090 (API) Filtrar consultas com sucesso por Nome vazio","Features","Tue Apr 15 18:14:33 UTC 2025","passed","Tue Apr 15 18:14:34 UTC 2025","CREDT 1075 FiltrarConsulta","Consulta","",""
"","1999","Cenário: CREDT-710 (API) Filtrar logs de ação com sucesso por Ação de Edição","Features","Tue Apr 15 18:20:32 UTC 2025","passed","Tue Apr 15 18:20:34 UTC 2025","CREDT 684 FiltrarLogs","logsDeAcoes","",""
"","857","Cenário: CREDT-891 (API) Tentar criar consulta sem o campo Código do Cliente","Features","Tue Apr 15 18:15:56 UTC 2025","passed","Tue Apr 15 18:15:57 UTC 2025","CREDT 877 CriarConsultaDesenvolvimento","Consulta","",""
"","1696","Cenário: CREDT-217 (API) Listar entradas de uma consulta com sucesso","Features","Tue Apr 15 18:17:53 UTC 2025","passed","Tue Apr 15 18:17:54 UTC 2025","CREDT 216 ListarEntradasDaConsulta","Credenciais","",""
"","1836","Cenário: CREDT-372 (API) Tentar ativar/inativar credencial com token vazio","Features","Tue Apr 15 18:19:21 UTC 2025","passed","Tue Apr 15 18:19:23 UTC 2025","CREDT 365 AtivarInativarCredencial","Credenciais","",""
"","1620","Cenário: CREDT-275 (API) Listar credenciais com sucesso ordenando por Descrição em ordem decrescente","Features","Tue Apr 15 18:18:48 UTC 2025","passed","Tue Apr 15 18:18:50 UTC 2025","CREDT 292 ListarCredenciais","Credenciais","",""
"","776","Cenário: CREDT-1010 (API) Compartilhar credencial com dateFinal em formato aaaa_mm_dd","Features","Tue Apr 15 18:20:07 UTC 2025","passed","Tue Apr 15 18:20:08 UTC 2025","CREDT 950 CompartilharCredencial","Credenciais","",""
"","764","Cenário: CREDT-971 (API) Tentar compartilhar a credencial com uma data final anterior à data atual","Features","Tue Apr 15 18:20:04 UTC 2025","passed","Tue Apr 15 18:20:05 UTC 2025","CREDT 950 CompartilharCredencial","Credenciais","",""
"","546","Cenário: CREDT-921 (API) Tentar listar consultas do desenvolvimento sem passar nenhum parâmetro","Features","Tue Apr 15 18:15:08 UTC 2025","passed","Tue Apr 15 18:15:09 UTC 2025","CREDT 196 ListarConsulta","Consulta","",""
"","3074","Cenário: CREDT-754 (API) Excluir consulta com sucesso","Features","Tue Apr 15 18:15:11 UTC 2025","passed","Tue Apr 15 18:15:14 UTC 2025","CREDT 753 ExcluirConsulta","Consulta","",""
"","411","Cenário: CREDT-720 (API) Tentar filtrar logs de ação passando uma data final mas não uma data inicial","Features","Tue Apr 15 18:20:37 UTC 2025","passed","Tue Apr 15 18:20:38 UTC 2025","CREDT 684 FiltrarLogs","logsDeAcoes","",""
"","683","Cenário: CREDT-915 (API) Listar consultas do desenvolvimento mesmo com os parâmetros page e size vazios","Features","Tue Apr 15 18:15:07 UTC 2025","passed","Tue Apr 15 18:15:07 UTC 2025","CREDT 196 ListarConsulta","Consulta","",""
"","941","Cenário: CREDT-895 (API) Tentar criar consulta com o campo Nome da consulta com caracteres especiais e acentuação","Features","Tue Apr 15 18:16:00 UTC 2025","passed","Tue Apr 15 18:16:01 UTC 2025","CREDT 877 CriarConsultaDesenvolvimento","Consulta","",""
"","1635","Cenário: CREDT-934 (API) Tentar adicionar uma consulta rascunho já adicionada anteriormente","Features","Tue Apr 15 18:14:48 UTC 2025","passed","Tue Apr 15 18:14:50 UTC 2025","CREDT 175 AdicionarConsulta","Consulta","",""
"","1918","Cenário: CREDT-730 (API) Filtrar logs de ação com sucesso por Ação de Edição de Entradas e Valores","Features","Tue Apr 15 18:20:41 UTC 2025","passed","Tue Apr 15 18:20:43 UTC 2025","CREDT 684 FiltrarLogs","logsDeAcoes","",""
"","484","Cenário: CREDT-690 (API) Listar logs de ação mesmo com os parâmetros page e size vazios","Features","Tue Apr 15 18:20:24 UTC 2025","passed","Tue Apr 15 18:20:25 UTC 2025","CREDT 683 ListarLogs","logsDeAcoes","",""
"","1230","Cenário: CREDT-219 (API) Tentar listar entradas de uma consulta com token expirado","Features","Tue Apr 15 18:17:56 UTC 2025","passed","Tue Apr 15 18:17:57 UTC 2025","CREDT 216 ListarEntradasDaConsulta","Credenciais","",""
"","2595","Cenário: CREDT-935 (API) Listar consultas rascunhos adicionadas com sucesso","Features","Tue Apr 15 18:15:09 UTC 2025","failed","Tue Apr 15 18:15:11 UTC 2025","CREDT 196 ListarConsulta","Consulta","",""
"","2653","Cenário: CREDT-245 (API) Tentar cadastrar credencial em uma consulta inexistente no Gateway","Features","Tue Apr 15 18:16:34 UTC 2025","passed","Tue Apr 15 18:16:37 UTC 2025","CREDT 198 CadastrarCredencial","Credenciais","",""
"","1141","Cenário: CREDT-299 (API) Filtrar credenciais com sucesso por Status Inativo","Features","Tue Apr 15 18:18:06 UTC 2025","passed","Tue Apr 15 18:18:07 UTC 2025","CREDT 243 FiltrarCredenciais","Credenciais","",""
"","1418","Cenário: CREDT-366 (API) Inativar credencial com sucesso","Features","Tue Apr 15 18:19:11 UTC 2025","passed","Tue Apr 15 18:19:12 UTC 2025","CREDT 365 AtivarInativarCredencial","Credenciais","",""
"","2428","Cenário: CREDT-233 (API) Tentar cadastrar credencial com token vazio","Features","Tue Apr 15 18:16:24 UTC 2025","passed","Tue Apr 15 18:16:26 UTC 2025","CREDT 198 CadastrarCredencial","Credenciais","",""
"","1533","Cenário: CREDT-732 (API) Filtrar logs de ação com sucesso por Ação de Edição de Valores","Features","Tue Apr 15 18:20:45 UTC 2025","passed","Tue Apr 15 18:20:46 UTC 2025","CREDT 684 FiltrarLogs","logsDeAcoes","",""
"","3260","Cenário: CREDT-231 (API) Tentar cadastrar credencial com token inválido","Features","Tue Apr 15 18:16:18 UTC 2025","passed","Tue Apr 15 18:16:21 UTC 2025","CREDT 198 CadastrarCredencial","Credenciais","",""
"","637","Cenário: CREDT-302 (API) Filtrar credenciais com sucesso por uma Descrição inexistente","Features","Tue Apr 15 18:18:08 UTC 2025","passed","Tue Apr 15 18:18:08 UTC 2025","CREDT 243 FiltrarCredenciais","Credenciais","",""
"","2363","Cenário: CREDT-263 (API) Detalhar credencial com sucesso","Features","Tue Apr 15 18:18:30 UTC 2025","passed","Tue Apr 15 18:18:33 UTC 2025","CREDT 272 DetalharCredencial","Credenciais","",""
"","2792","Cenário: CREDT-232 (API) Tentar cadastrar credencial com token expirado","Features","Tue Apr 15 18:16:21 UTC 2025","passed","Tue Apr 15 18:16:24 UTC 2025","CREDT 198 CadastrarCredencial","Credenciais","",""
"","262","Cenário: CREDT-987 (API) Listar credencial com o nome em branco","Features","Tue Apr 15 18:19:42 UTC 2025","passed","Tue Apr 15 18:19:43 UTC 2025","CREDT 878 ListarCompartilhamento","Credenciais","",""
"","1523","Cenário: CREDT-1091 (API) Filtrar consultas com sucesso por Nome inválido","Features","Tue Apr 15 18:14:34 UTC 2025","passed","Tue Apr 15 18:14:35 UTC 2025","CREDT 1075 FiltrarConsulta","Consulta","",""
"","2217","Cenário: CREDT-273 (API) Listar credenciais com sucesso sem definir ordenação","Features","Tue Apr 15 18:18:44 UTC 2025","passed","Tue Apr 15 18:18:47 UTC 2025","CREDT 292 ListarCredenciais","Credenciais","",""
"","638","Cenário: CREDT-1097 (API) Validar a paginação dos resultados filtrados","Features","Tue Apr 15 18:18:13 UTC 2025","passed","Tue Apr 15 18:18:14 UTC 2025","CREDT 243 FiltrarCredenciais","Credenciais","",""
"","506","Cenário: CREDT-181 (API) Tentar adicionar uma consulta passando um nome de consulta que não existe no Gateway","Features","Tue Apr 15 18:14:41 UTC 2025","passed","Tue Apr 15 18:14:41 UTC 2025","CREDT 175 AdicionarConsulta","Consulta","",""
"","483","Cenário: CREDT-907 (API) Tentar criar consulta com token vazio","Features","Tue Apr 15 18:16:10 UTC 2025","passed","Tue Apr 15 18:16:11 UTC 2025","CREDT 877 CriarConsultaDesenvolvimento","Consulta","",""
"","1827","Cenário: CREDT-705 (API) Filtrar logs de ação com sucesso por Consulta","Features","Tue Apr 15 18:20:26 UTC 2025","passed","Tue Apr 15 18:20:28 UTC 2025","CREDT 684 FiltrarLogs","logsDeAcoes","",""
"","906","Cenário: CREDT-970 (API) Tentar compartilhar a credencial com uma data final inválida","Features","Tue Apr 15 18:20:03 UTC 2025","passed","Tue Apr 15 18:20:04 UTC 2025","CREDT 950 CompartilharCredencial","Credenciais","",""
"","1030","Cenário: CREDT-985 (API) Listar credencial compartilhada com sucesso","Features","Tue Apr 15 18:19:41 UTC 2025","passed","Tue Apr 15 18:19:42 UTC 2025","CREDT 878 ListarCompartilhamento","Credenciais","",""
"","82","Cenário: CREDT-760 (API) Tentar excluir consulta com Token vazio","Features","Tue Apr 15 18:15:19 UTC 2025","passed","Tue Apr 15 18:15:20 UTC 2025","CREDT 753 ExcluirConsulta","Consulta","",""
"","946","Cenário: CREDT-882 (API) Cadastrar nova consulta com Código do cliente contendo até 5 caracteres","Features","Tue Apr 15 18:15:48 UTC 2025","passed","Tue Apr 15 18:15:49 UTC 2025","CREDT 877 CriarConsultaDesenvolvimento","Consulta","",""
"","935","Cenário: CREDT-883 (API) Cadastrar nova consulta com Entradas da consulta com mais de 50 caracteres","Features","Tue Apr 15 18:15:49 UTC 2025","passed","Tue Apr 15 18:15:50 UTC 2025","CREDT 877 CriarConsultaDesenvolvimento","Consulta","",""
"","924","Cenário: CREDT-896 (API) Tentar criar consulta com o campo Nome da consulta já existente no gateway","Features","Tue Apr 15 18:16:01 UTC 2025","passed","Tue Apr 15 18:16:02 UTC 2025","CREDT 877 CriarConsultaDesenvolvimento","Consulta","",""
"","834","Cenário: CREDT-351 (API) Tentar editar credencial passando uma Descrição com mais de 50 caracteres","Features","Tue Apr 15 18:18:26 UTC 2025","passed","Tue Apr 15 18:18:26 UTC 2025","CREDT 244 EditarCredencial","Credenciais","",""
"","333","Cenário: CREDT-913 (API) Listar consultas do desenvolvimento com parâmetro page inválido","Features","Tue Apr 15 18:15:06 UTC 2025","passed","Tue Apr 15 18:15:06 UTC 2025","CREDT 196 ListarConsulta","Consulta","",""
"","5202","Cenário: CREDT-1069 (API) Excluir consulta rascunho com sucesso na conta do cliente","Features","Tue Apr 15 18:15:28 UTC 2025","passed","Tue Apr 15 18:15:33 UTC 2025","CREDT 753 ExcluirConsulta","Consulta","",""
"","1881","Cenário: CREDT-708 (API) Filtrar logs de ação com sucesso por Credencial","Features","Tue Apr 15 18:20:28 UTC 2025","passed","Tue Apr 15 18:20:30 UTC 2025","CREDT 684 FiltrarLogs","logsDeAcoes","",""
"","68","Cenário: CREDT-1021 (API) Tentar compartilhar credencial com token inválido","Features","Tue Apr 15 18:20:16 UTC 2025","passed","Tue Apr 15 18:20:16 UTC 2025","CREDT 950 CompartilharCredencial","Credenciais","",""
"","1110","Cenário: CREDT-350 (API) Tentar editar credencial passando uma Descrição com caracteres especiais","Features","Tue Apr 15 18:18:24 UTC 2025","passed","Tue Apr 15 18:18:26 UTC 2025","CREDT 244 EditarCredencial","Credenciais","",""
"","69","Cenário: CREDT-809 (API) Listar as métricas da aplicação em formato requerido pelo Prometheus","Features","Tue Apr 15 18:20:50 UTC 2025","passed","Tue Apr 15 18:20:50 UTC 2025","CREDT 805 MonitoramentoPrometheus","Prometheus","",""
"","888","Cenário: CREDT-1102 (API) Tentar editar credencial com inputs que não pertencem a consulta original","Features","Tue Apr 15 18:18:29 UTC 2025","passed","Tue Apr 15 18:18:30 UTC 2025","CREDT 244 EditarCredencial","Credenciais","",""
"","1885","Cenário: CREDT-1064 (API) Cadastrar credencial com sucesso em consulta rascunho na conta do desenvolvedor","Features","Tue Apr 15 18:17:46 UTC 2025","passed","Tue Apr 15 18:17:48 UTC 2025","CREDT 198 CadastrarCredencial","Credenciais","",""
"","261","Cenário: CREDT-312 (API) Tentar filtrar credenciais passando uma consulta do Gateway que não foi adicionada à conta","Features","Tue Apr 15 18:18:11 UTC 2025","passed","Tue Apr 15 18:18:11 UTC 2025","CREDT 243 FiltrarCredenciais","Credenciais","",""
"","65","Cenário: CREDT-308 (API) Tentar filtrar credenciais com token expirado","Features","Tue Apr 15 18:18:10 UTC 2025","passed","Tue Apr 15 18:18:10 UTC 2025","CREDT 243 FiltrarCredenciais","Credenciais","",""
"","357","Cenário: CREDT-688 (API) Tentar listar logs de ação com parâmetro page inválido","Features","Tue Apr 15 18:20:23 UTC 2025","passed","Tue Apr 15 18:20:24 UTC 2025","CREDT 683 ListarLogs","logsDeAcoes","",""
"","2882","Cenário: CREDT-488 (API) Tentar cadastrar credencial com o campo nome contendo mais de 50 caracteres","Features","Tue Apr 15 18:17:35 UTC 2025","passed","Tue Apr 15 18:17:37 UTC 2025","CREDT 198 CadastrarCredencial","Credenciais","",""
"","2112","Cenário: CREDT-373 (API) Tentar ativar/inativar credencial com token sem autorização","Features","Tue Apr 15 18:19:23 UTC 2025","passed","Tue Apr 15 18:19:25 UTC 2025","CREDT 365 AtivarInativarCredencial","Credenciais","",""
"","612","Cenário: CREDT-334 (API) Tentar editar credencial com token sem autorização","Features","Tue Apr 15 18:18:21 UTC 2025","passed","Tue Apr 15 18:18:22 UTC 2025","CREDT 244 EditarCredencial","Credenciais","",""
"","1388","Cenário: CREDT-762 (API) Excluir com sucesso credencial que está inativa há 8 dias ou mais","Features","Tue Apr 15 18:19:30 UTC 2025","passed","Tue Apr 15 18:19:31 UTC 2025","CREDT 752 ExcluirCredencial","Credenciais","",""
"","1972","Cenário: CREDT-172 (API) Adicionar consulta com sucesso","Features","Tue Apr 15 18:14:37 UTC 2025","passed","Tue Apr 15 18:14:39 UTC 2025","CREDT 175 AdicionarConsulta","Consulta","",""
"","872","Cenário: CREDT-888 (API) Tentar criar consulta sem preencher o campo Entrada da consulta","Features","Tue Apr 15 18:15:53 UTC 2025","passed","Tue Apr 15 18:15:54 UTC 2025","CREDT 877 CriarConsultaDesenvolvimento","Consulta","",""
"","497","Cenário: CREDT-183 (API) Tentar adicionar uma consulta, sem passar a consulta no body da requisição","Features","Tue Apr 15 18:14:42 UTC 2025","passed","Tue Apr 15 18:14:42 UTC 2025","CREDT 175 AdicionarConsulta","Consulta","",""
"","516","Cenário: CREDT-716 (API) Filtrar logs de ação com sucesso por um filtro que não corresponde a nenhum log registrado na conta","Features","Tue Apr 15 18:20:36 UTC 2025","passed","Tue Apr 15 18:20:36 UTC 2025","CREDT 684 FiltrarLogs","logsDeAcoes","",""
"","2022","Cenário: CREDT-222 (API) Tentar listar entradas de uma consulta passando um valor inválido no 'queryId'","Features","Tue Apr 15 18:18:00 UTC 2025","passed","Tue Apr 15 18:18:02 UTC 2025","CREDT 216 ListarEntradasDaConsulta","Credenciais","",""
"","2734","Cenário: CREDT-486 (API) Tentar cadastrar credencial com o campo nome começando com números","Features","Tue Apr 15 18:17:28 UTC 2025","passed","Tue Apr 15 18:17:31 UTC 2025","CREDT 198 CadastrarCredencial","Credenciais","",""
"","2751","Cenário: CREDT-267 (API) Tentar detalhar credencial com token sem autorização","Features","Tue Apr 15 18:18:39 UTC 2025","passed","Tue Apr 15 18:18:42 UTC 2025","CREDT 272 DetalharCredencial","Credenciais","",""
"","3470","Cenário: CREDT-248 (API) Tentar cadastrar credencial sem o campo consulta no body da requisição","Features","Tue Apr 15 18:16:42 UTC 2025","passed","Tue Apr 15 18:16:46 UTC 2025","CREDT 198 CadastrarCredencial","Credenciais","",""
"","661","Cenário: CREDT-340 (API) Tentar editar credencial sem passar o id da credencial no endpoint","Features","Tue Apr 15 18:18:22 UTC 2025","passed","Tue Apr 15 18:18:23 UTC 2025","CREDT 244 EditarCredencial","Credenciais","",""
"","397","Cenário: CREDT-718 (API) Tentar filtrar logs de ação passando uma data inicial mas não uma data final","Features","Tue Apr 15 18:20:37 UTC 2025","passed","Tue Apr 15 18:20:37 UTC 2025","CREDT 684 FiltrarLogs","logsDeAcoes","",""
"","1300","Cenário: CREDT-916 (API) Tentar criar consulta com o campo Nome da consulta já existente no desenvolvimento","Features","Tue Apr 15 18:16:13 UTC 2025","passed","Tue Apr 15 18:16:14 UTC 2025","CREDT 877 CriarConsultaDesenvolvimento","Consulta","",""
"","3886","Cenário: CREDT-765 (API) Tentar excluir credencial inativa criada há menos de 24 horas, mas que foi ativada e inativada","Features","Tue Apr 15 18:19:34 UTC 2025","passed","Tue Apr 15 18:19:38 UTC 2025","CREDT 752 ExcluirCredencial","Credenciais","",""
"","486","Cenário: CREDT-905 (API) Tentar criar consulta com token inválido","Features","Tue Apr 15 18:16:09 UTC 2025","passed","Tue Apr 15 18:16:10 UTC 2025","CREDT 877 CriarConsultaDesenvolvimento","Consulta","",""
"","798","Cenário: CREDT-1008 (API) Compartilhar credencial com dateFinal em formato dd_mm_aaaa","Features","Tue Apr 15 18:20:05 UTC 2025","passed","Tue Apr 15 18:20:06 UTC 2025","CREDT 950 CompartilharCredencial","Credenciais","",""
"","706","Cenário: CREDT-1012 (API) Compartilhar credencial com qtdSubmissions vazio","Features","Tue Apr 15 18:20:09 UTC 2025","passed","Tue Apr 15 18:20:09 UTC 2025","CREDT 950 CompartilharCredencial","Credenciais","",""
"","345","Cenário: CREDT-205 (API) Tentar listar consultas com Token sem autorização","Features","Tue Apr 15 18:15:03 UTC 2025","passed","Tue Apr 15 18:15:03 UTC 2025","CREDT 196 ListarConsulta","Consulta","",""
"","1591","Cenário: CREDT-283 (API) Tentar listar credenciais com token sem autorização","Features","Tue Apr 15 18:18:58 UTC 2025","passed","Tue Apr 15 18:19:00 UTC 2025","CREDT 292 ListarCredenciais","Credenciais","",""
